Date,AAPL,MSFT,GOOG,AMZN,TSLA,NVDA
2023-01-03,129.0795348207717,240.46078689316013,90.92775639198945,86.95999908447266,118.80000305175781,14.981836857108386
2023-01-04,126.87073149260826,227.85796113517154,90.61986641464313,86.9800033569336,114.58999633789062,14.838973059937851
2023-01-05,125.99309725880703,222.65252580322002,87.61045958011077,85.41999816894531,111.75,14.550244209091645
2023-01-06,128.47805571510713,220.90102036196717,87.86868155913513,86.4000015258789,114.38999938964844,14.995824302039097
2023-01-09,131.55468474878427,226.26307141609416,90.21265061112891,89.4800033569336,123.5199966430664,16.040834530369764
2023-01-10,129.43455432577363,226.33157576127422,88.8668567324073,90.19000244140625,122.76000213623047,15.946924699347406
2023-01-11,131.6532559460779,230.87170589795403,91.8216380363287,95.26000213623047,125.94999694824219,16.012862454530836
2023-01-12,132.39285762882386,234.73670029298546,91.99048219354599,97.19000244140625,124.12999725341797,16.621285642542368
2023-01-13,133.04364272167805,234.21810194476328,92.34804263733666,98.37000274658203,122.62999725341797,16.906020377978866
2023-01-17,135.38070076927318,235.72496209284455,92.33810731959731,98.88999938964844,131.6999969482422,17.71125435427093
2023-01-18,136.68234566241608,237.16331319071614,92.95190680596515,99.31999969482422,136.67999267578125,17.856121904906214
2023-01-19,134.35516079708475,230.4509617716894,93.75839602643875,95.44000244140625,129.99000549316406,17.180761576267606
2023-01-20,136.1005444209002,235.55860174293485,98.7442648281179,97.3499984741211,133.50999450683594,17.839139143537217
2023-01-23,141.32687064316994,239.8932766589855,100.71080575893171,97.77999877929688,145.3800048828125,19.226822372210076
2023-01-24,141.16906439218428,238.69955333391806,100.40290962876882,98.08999633789062,146.5,19.476587493158043
2023-01-25,140.44921115138996,238.06348707602424,97.05583236404428,97.23999786376953,146.41000366210938,19.351705025773278
2023-01-26,142.24389182095663,242.9656637907967,98.53568619089461,99.48999786376953,161.4199981689453,20.14695309854506
2023-01-27,145.18246711281154,244.4529638450001,100.88958698363005,103.48999786376953,180.67999267578125,20.608518165238692
2023-01-30,143.52581599866483,240.31400454491248,98.73333916952721,101.73999786376953,179.77000427246094,20.120976822256097
2023-01-31,142.33263284521934,242.61344191233738,99.23094455612757,103.3499984741211,174.3000030517578,19.668408839064604
2023-02-01,144.57108343034756,249.68781212878685,101.4954371374518,106.23999786376953,183.80999755859375,21.17198699825666
2023-02-02,149.0774978736836,258.9931497026044,108.080384719051,114.0,196.75,21.928268729004962
2023-02-03,155.19131670929613,258.51369428484844,107.28581698457972,108.77999877929688,199.0,21.724463687493483
2023-02-06,150.97083056548323,252.74066029817823,103.98837461479222,103.94999694824219,198.1699981689453,21.54963085392908
2023-02-07,153.07121860652774,262.985340807931,107.93140231057068,102.41000366210938,197.5,22.237976861670433
2023-02-08,152.4302620416696,270.8033838180028,102.87598940863623,102.66999816894531,203.0,22.856389422184375
2023-02-09,152.1837390894266,268.08314336161027,99.9261783018846,101.77999877929688,214.0,22.99825818396335
2023-02-10,149.46316214008027,258.4060608799008,96.36057069940037,98.81999969482422,206.1999969482422,22.057146871352533
2023-02-13,152.34693578344766,268.6898422196811,94.70192870524663,99.68000030517578,196.3000030517578,22.027172525413928
2023-02-14,151.86304832604316,269.0519194736593,94.5281261553057,100.91999816894531,209.82000732421875,23.02723385323085
2023-02-15,153.57159174620645,265.5666447691535,96.67839961455326,101.16999816894531,214.66000366210938,22.8334120482029
2023-02-16,154.39129073768956,261.652786574721,97.21473072757868,100.62999725341797,217.64999389648438,22.52870109732028
2023-02-17,151.10254306144216,255.12955777223888,95.09920181318105,97.94000244140625,208.44000244140625,21.719468521066783
2023-02-21,149.4236767462983,250.6172983438043,92.78009023952438,95.61000061035156,209.7100067138672,21.47369671182956
2023-02-22,148.0904046122651,249.48922383589215,91.73226262187589,97.01000213623047,201.99000549316406,21.08407157890139
2023-02-23,148.47558640924544,251.94155452190677,91.50381230278894,96.43000030517578,205.13999938964844,23.865440536709627
2023-02-24,145.36462227322275,246.21295451715133,89.517395902962,94.13999938964844,197.6699981689453,23.451831648820107
2023-02-27,147.32010021469048,247.99821854657074,89.83523713868681,94.77999877929688,209.4199981689453,23.857445393658914
2023-02-28,147.23118155565606,246.69358352674163,90.82844180947724,94.69000244140625,211.22999572753906,23.802494783268926
2023-03-01,145.40413732845008,246.14427943595706,90.58013389010253,94.68000030517578,207.1999969482422,23.234032926093153
2023-03-02,144.8905915062189,246.60532438654516,91.85144461943293,92.2300033569336,193.75,23.35791839580541
2023-03-03,149.23603790139376,250.744820108994,93.47035841930149,94.94000244140625,200.47999572753906,23.877426239059123
2023-03-06,154.36165661510182,255.15899387446288,95.64547405392449,96.55000305175781,198.60000610351562,24.22509834243002
2023-03-07,152.11981283549997,252.77535010371997,95.43689373660693,95.08999633789062,194.1999969482422,24.106307975293905
2023-03-08,151.56674727343432,249.68544149721592,95.58588054037929,94.16999816894531,186.5,24.181255881529978
2023-03-09,152.62343771762514,254.60969174965638,95.26805728523553,96.20999908447266,185.17999267578125,24.43505576916179
2023-03-10,149.0681136196498,247.9688024073323,92.5466752292869,93.56999969482422,178.2899932861328,23.608696186782492
2023-03-13,151.2408445051467,252.99117915902178,92.44736468511762,94.0199966430664,177.35000610351562,23.27995138685032
2023-03-14,151.49764546458488,256.09088178887293,94.18547289264055,95.06999969482422,183.8000030517578,24.200232739085717
2023-03-15,151.34948260848185,261.3976758325825,96.58902286226427,96.66999816894531,182.33999633789062,24.267182234844768
2023-03-16,154.5196720318581,271.285492819686,101.27693342357118,100.98999786376953,185.80999755859375,25.568174187780844
2023-03-17,154.79621636647911,277.9263212786572,102.78659363065384,100.66000366210938,186.22000122070312,26.37854811527238
2023-03-20,155.86281797805782,272.1879277131166,101.88278912017725,98.4800033569336,186.44000244140625,26.0038368777567
2023-03-21,157.42324030831287,269.7551744059868,105.23981547486385,100.8499984741211,198.0,26.371552664422822
2023-03-22,160.12922799549253,275.6800448026521,106.77927414117394,102.0999984741211,200.66000366210938,27.567626309324265
2023-03-23,159.54656410725272,275.6997133144539,106.37306821219377,101.05999755859375,199.30999755859375,27.477699113171052
2023-03-24,158.35157558084836,275.2778169055255,105.43846060328934,98.30000305175781,192.36000061035156,27.145951059024593
2023-03-27,158.77623413977568,276.09198781080295,104.68361940024222,99.33999633789062,197.38999938964844,26.97907919440024
2023-03-28,156.52449472162644,270.8734524502473,102.29994201178462,98.44000244140625,192.35000610351562,26.492458648935738
2023-03-29,159.05275625859912,275.7781457546804,102.12116558965697,100.41999816894531,195.2899932861328,27.057025580138742
2023-03-30,160.45514829132492,279.0348440904467,100.9193851440288,103.04000091552734,197.3300018310547,27.477691405792708
2023-03-31,162.95374634284104,283.7529843526712,103.48185527976155,103.48999786376953,207.7899932861328,27.81243294698016
2023-04-03,164.22775993608965,282.7720966657289,104.23668191245343,103.29000091552734,202.69000244140625,27.97830540140123
2023-04-04,164.77094409936112,284.9105961375122,105.37886011963423,104.19999694824219,198.74000549316406,27.978305428409012
2023-04-05,163.0031364887197,281.67345840201926,105.8158839454128,103.91000366210938,190.67999267578125,26.97708220560241
2023-04-06,162.91427882271006,286.5094615754292,108.88486994702083,102.37999725341797,186.38999938964844,27.05901819761364
2023-04-10,160.02059936523438,284.076805626708,107.23615504440266,102.19999694824219,185.10000610351562,27.59959781175058
2023-04-11,160.34649846878187,280.5258300453537,106.49125714141704,101.0,189.19000244140625,27.768472239756676
2023-04-12,160.05023261805474,281.53616835496916,106.8557612899172,100.51000213623047,191.5800018310547,27.446719698838795
2023-04-13,163.7438344852104,284.3710175910473,107.52914571858524,102.56999969482422,186.5,26.866166609946806
2023-04-14,164.2574136863755,282.9781686132696,108.835213423486,103.19999694824219,186.27999877929688,26.862171603134502
2023-04-17,163.33892759169828,286.0386701540409,105.98471563667432,103.7300033569336,189.69000244140625,26.985077620218803
2023-04-18,165.33387789076258,286.1955691018291,106.32240772509635,104.19999694824219,187.69000244140625,28.08822261514071
2023-04-19,166.07452755850866,283.53723281599844,105.00640820405924,105.12000274658203,183.5,27.97830576142074
2023-04-20,165.78818457608216,283.51761266618416,106.16150529951382,105.25,169.6999969482422,28.008281349677112
2023-04-21,164.38576938158798,280.810250487239,105.91520448914585,108.1500015258789,166.0,27.16193962505463
2023-04-24,163.5463189024918,279.5154924785271,106.59056033951099,109.2300033569336,165.64999389648438,27.344795961333663
2023-04-25,164.2475072794641,276.22933373061375,106.70974584056684,105.44999694824219,163.47000122070312,27.22588990438173
2023-04-26,163.23027992570658,293.8565728984229,106.292606151167,106.62000274658203,160.6699981689453,27.30882661492914
2023-04-27,166.46962119212645,299.3792649257392,108.4081431113503,110.86000061035156,160.47999572753906,27.473699061924297
2023-04-28,167.74361912541863,303.038096464785,107.5539828490293,109.4800033569336,165.0,27.736494722113637
2023-05-01,168.33616700655767,302.7144211983591,107.94133658968804,105.2300033569336,163.27999877929688,29.035487906164658
2023-05-02,168.2374411469596,303.2833235211519,106.99780286577173,103.9000015258789,165.49000549316406,28.81365912640652
2023-05-03,168.80035091617836,302.7242119316147,107.39506818799623,105.95999908447266,165.0,28.345021209649484
2023-05-04,164.96846124572582,301.8904224714807,105.57750665771563,105.38999938964844,162.9499969482422,27.83741639402646
2023-05-05,172.13843848392673,306.02008227407686,105.71655693366536,105.76000213623047,170.7899932861328,28.732720441787755
2023-05-08,171.6940084046762,304.2838534576183,107.68309512636915,106.0999984741211,173.8000030517578,29.197359027968076
2023-05-09,171.38783954566773,304.1269269773573,109.84332888012167,106.79000091552734,169.82000732421875,28.950551416305693
2023-05-10,171.87179587293446,307.0304192764077,112.73851202035469,110.66999816894531,174.42999267578125,29.090449147441717
2023-05-11,172.42482451357537,305.1863646978888,117.63499503069592,113.27999877929688,173.57000732421875,28.92757205566267
2023-05-12,172.13918180226995,304.7253141155851,117.45621568135543,112.63999938964844,177.3800048828125,28.75770044655747
2023-05-15,171.29856159606754,303.9895635706543,117.9875814245368,112.29000091552734,169.75999450683594,28.94655704667606
2023-05-16,171.2293268320526,307.72695475671816,120.37623709346347,114.79000091552734,169.52000427246094,29.8468592323244
2023-05-17,171.0216283275313,309.10746737687026,121.44889308123003,115.83000183105469,174.5,30.175604764450416
2023-05-18,173.3061460276606,313.63945175242833,123.0578801410531,118.5999984741211,177.05999755859375,31.8033391347446
2023-05-19,174.44348843481356,313.35432671083794,125.61934969441552,118.30999755859375,181.9499969482422,31.555529832851313
2023-05-22,172.78201528070161,317.12929964929396,126.18646828720705,116.7699966430664,189.32000732421875,31.495579269125198
2023-05-23,171.46670153051892,317.2571435018196,124.56754650589102,117.13999938964844,192.9600067138672,31.263760164158064
2023-05-24,170.51728111058472,311.14242845628706,121.91570393960009,117.33999633789062,184.22000122070312,30.583286230185738
2023-05-25,171.98092464144923,321.3663764150408,125.12374791339717,116.87000274658203,186.77999877929688,39.44941078052054
2023-05-26,173.83030849826073,327.75632087129475,125.14360968107697,121.5,198.60000610351562,39.139654202122564
2023-05-30,177.01479758641247,330.0567411570019,125.52102586799191,122.91999816894531,204.47999572753906,41.905513788987456
2023-05-31,177.37080753192686,330.2533305472488,124.05108625682428,122.04000091552734,203.9499969482422,40.26377529792952
2023-06-01,178.13229834590607,327.8841260635335,124.19013306768964,123.48999786376953,209.8000030517578,40.01897100169826
2023-06-02,179.77398268262323,331.7869311608408,125.88355524057309,126.38999938964844,217.25,40.46862324900234
2023-06-05,182.90897030198119,332.82897116316303,127.12007457590772,125.80000305175781,221.2899932861328,39.534343625841366
2023-06-06,178.1323071989488,329.6930110935296,128.0040348542417,127.4000015258789,221.91000366210938,39.12965474443365
2023-06-07,179.21027045240393,328.8279274839087,128.66948226061942,127.37000274658203,230.8300018310547,39.4724798355732
2023-06-08,178.8443716628685,321.1107338594389,122.88905098452902,125.62999725341797,235.22999572753906,38.83790856539692
2023-06-09,180.21901740774703,324.4040226262237,123.4402650484475,125.80000305175781,252.4199981689453,39.68433913025439
2023-06-12,181.86069753893617,326.4783425572576,123.90210459013463,126.77999877929688,250.97000122070312,39.50345822042976
2023-06-13,182.11782073883157,331.27575382243526,125.00456288601805,128.41000366210938,259.67999267578125,41.073406583154025
2023-06-14,182.35519080481038,333.3008737465053,123.94183152300235,126.94999694824219,261.57000732421875,42.97113217286291
2023-06-15,184.46167222814515,343.9180866324939,125.30252363003528,127.69000244140625,258.95001220703125,43.25994139693394
2023-06-16,184.9264820484004,345.52045224652784,125.83885293614735,127.9000015258789,263.6000061035156,43.691642253904746
2023-06-20,184.0463055632048,336.2894484570072,124.32421566640201,127.25,274.75,43.96047200197597
2023-06-21,183.36391189129432,332.0130604612283,122.5712176823766,126.7300033569336,276.989990234375,43.58572270035069
2023-06-22,184.98583735805877,334.3625969961484,123.09264449030236,130.3300018310547,265.0,43.39684073986037
2023-06-23,185.49021256870566,332.23914275155624,122.60101190375572,130.83999633789062,262.45001220703125,42.780259748123754
2023-06-26,185.97478407089304,330.42041978775774,121.88590361816736,131.49000549316406,258.3699951171875,42.73529370364879
2023-06-27,186.31102501891434,330.45979643869066,119.08009787155268,130.08999633789062,250.38999938964844,41.91184134069005
2023-06-28,187.80438104509085,332.2588355814836,120.44575302254566,131.47999572753906,259.8800048828125,41.8169132235577
2023-06-29,187.9725013298976,330.4204417692503,120.08820509315471,129.25999450683594,260.739990234375,41.57206362421909
2023-06-30,192.3338342950544,336.928413125334,121.20059733209916,131.25,264.45001220703125,42.52143615172758
2023-07-03,191.74046380244184,335.1293598763114,120.19745792784617,131.85000610351562,284.25,42.86919645813437
2023-07-05,190.8503675642152,335.8667181518456,122.53148463160333,131.39999389648438,283.8500061035156,43.1480088666597
2023-07-06,189.90097227103217,337.183988734617,120.32657630284791,128.72999572753906,279.9700012207031,42.15068292310203
2023-07-07,190.5437894270152,336.0043364674082,120.92249069504712,130.97000122070312,280.7799987792969,43.18498944249767
2023-07-10,187.89340155065938,329.55536067649837,118.26070471443128,129.27999877929688,277.5199890136719,42.782256847848465
2023-07-11,187.21100889013437,327.22545415637865,117.42144930905465,129.77000427246094,270.8999938964844,42.72928949696264
2023-07-12,189.584506155405,335.86665829831014,120.13786504538717,131.25999450683594,276.5199890136719,43.90549923284697
2023-07-13,189.08012234659634,337.9212323758629,124.48312465153188,134.6699981689453,279.45001220703125,46.12401074310035
2023-07-14,189.07023054213465,345.48115613970265,126.22620167725829,136.64999389648438,285.29998779296875,48.05570973298696
2023-07-17,192.17561856911308,341.1163059378195,126.4149115662746,135.6199951171875,292.2300109863281,46.46477828741377
2023-07-18,192.185502135392,360.57126878762074,124.14047485563204,133.86000061035156,295.260009765625,47.86384295444501
2023-07-19,196.0424552700726,356.3244150776322,124.61720701529471,135.99000549316406,299.2900085449219,47.78589856143542
2023-07-20,194.30188710755215,351.91043126765385,123.85244962180235,134.7899932861328,280.92999267578125,47.05538631913264
2023-07-21,192.8184304455329,344.3702364714845,120.47555571347311,131.3699951171875,268.0,45.83520487140858
2023-07-24,192.75907651192222,341.04748554440357,122.51161516437215,131.66000366210938,269.8500061035156,45.07871832138468
2023-07-25,192.29426504028103,345.933387393559,122.84932121103634,129.5800018310547,272.8999938964844,46.151993949696525
2023-07-26,193.4810415222525,338.8356231603512,130.47710130804813,129.0800018310547,268.0400085449219,46.022088028773574
2023-07-27,195.02381285425056,335.5520248324866,132.6919638210211,132.6300048828125,269.1300048828125,47.363181660556975
2023-07-28,194.4601200346163,334.25449575832243,133.1587651922078,133.00999450683594,267.25,46.9954232864367
2023-07-31,194.32165626732748,331.9835713371964,132.9203993357979,133.8699951171875,269.0799865722656,47.09835978102498
2023-08-01,194.55900578654655,332.8093165466115,132.01655880705084,133.69000244140625,266.4700012207031,46.86851053327996
2023-08-02,193.026102358892,327.9824458178332,129.53354821744418,130.22999572753906,259.5199890136719,45.80922119475112
2023-08-03,190.247118290272,324.2959264406298,128.88800161837048,129.83999633789062,260.489990234375,45.08770701221157
2023-08-04,185.312192820491,329.46693562670976,131.033302221636,143.6300048828125,264.7699890136719,45.611353612769236
2023-08-07,181.10907923772604,325.50510614632094,131.162422952378,142.5399932861328,253.64999389648438,45.50943128805715
2023-08-08,178.2806562533865,323.18500780512477,131.0432503456523,140.83999633789062,250.9199981689453,45.21163290512549
2023-08-09,178.93337110075507,321.5728200955336,131.56963491821122,140.32000732421875,251.10000610351562,44.28225178882451
2023-08-10,178.7553475423464,322.7034167316394,131.74542966075936,140.41000366210938,251.8000030517578,43.54475527906339
2023-08-11,176.88738049769475,316.95237568031445,129.5534321779395,139.3300018310547,243.7899932861328,41.989793111065566
2023-08-14,177.94703359876078,318.57439918031054,131.01344855968142,140.58999633789062,240.66000366210938,43.770594514507756
2023-08-15,177.73905244130324,319.5870169204076,131.09289320176865,141.27999877929688,240.5,45.23761094961256
2023-08-16,176.80816171418965,319.603617653509,130.00830942211613,137.27000427246094,233.97000122070312,44.64500713653826
2023-08-17,175.78817341312092,317.0914138920389,131.5905051929233,136.08999633789062,226.74000549316406,44.032415865763284
2023-08-18,173.4015690710498,313.6532496991234,128.94757619701713,134.07000732421875,217.5800018310547,43.548739981442054
2023-08-21,174.42156439236868,317.97805902911256,128.38143929227465,135.19000244140625,232.1300048828125,47.03340054502666
2023-08-22,175.95651153189084,321.23895106672995,130.05996336176372,135.64999389648438,240.82000732421875,48.15465044840223
2023-08-23,179.78896551377315,324.31264458594995,133.1587666047098,135.9499969482422,238.97999572753906,47.168312899804924
2023-08-24,179.34336155038372,328.0365262054767,134.05264726921672,136.77999877929688,238.9199981689453,50.23225371220406
2023-08-25,177.41225784961358,320.5295769549519,130.50690841449438,133.8699951171875,239.0,47.77290136689044
2023-08-28,178.83828316683332,321.30789580516176,132.33441350474482,133.9499969482422,244.3800048828125,46.94845764081992
2023-08-29,183.10647826164347,324.09587710343106,136.36183155765067,135.13999938964844,257.4800109863281,49.04804505027456
2023-08-30,186.027875570887,324.913567962967,136.31714566801028,135.67999267578125,260.510009765625,49.89347187669814
2023-08-31,187.28554353881972,325.9972408442875,137.45932468428813,138.7899932861328,261.17999267578125,49.710603865788684
2023-09-01,188.07779827305947,327.06118845381434,137.63810932726088,139.9600067138672,259.0799865722656,49.76656254905315
2023-09-05,188.13722241444697,329.8788016522601,136.4363253799754,137.8000030517578,258.0,48.81820170710798
2023-09-06,187.01818850408822,329.4945486553449,136.5455801421819,137.4499969482422,255.38999938964844,48.52040187168578
2023-09-07,176.48139642487362,328.1350055862109,135.6517141113346,138.02999877929688,252.80999755859375,46.316704161962946
2023-09-08,178.49167556913386,331.1693282906992,136.58033273550848,138.85000610351562,256.5199890136719,46.578549795234004
2023-09-11,178.5510931586707,333.395766733697,137.3242583003249,143.6199951171875,274.8500061035156,46.13581057370941
2023-09-12,178.38275585399316,331.7899430173362,136.70449332504472,143.0,278.3900146484375,45.64609526594391
2023-09-13,175.58021106580875,331.84908074164815,136.76408256246793,144.97999572753906,274.9800109863281,45.90294758191361
2023-09-14,174.39184798430878,335.79953678134956,138.60152529250038,145.86000061035156,276.7099914550781,45.959916382473324
2023-09-15,174.78797636853713,332.39087111470906,138.41279353936486,143.57000732421875,278.9800109863281,45.572134413088484
2023-09-18,177.64002479353724,325.494785002062,138.97891131384375,141.75,271.44000244140625,44.21594002292978
2023-09-19,177.88760394386657,324.49981670881084,138.22908521591035,138.83999633789062,267.8500061035156,43.94009827513682
2023-09-20,177.95692035427507,324.6968145876131,137.89633032608708,139.3699951171875,273.92999267578125,43.877140298495235
2023-09-21,174.58991092023126,320.5197651300431,132.2847575657389,132.24000549316406,260.8599853515625,42.075198207915804
2023-09-22,175.36230817336875,316.6776737677098,132.10597312722533,132.02999877929688,257.7900085449219,42.09019092808113
2023-09-25,175.25339092524624,312.9538499627099,131.32133067237535,131.77999877929688,247.10000610351562,42.51094250359211
2023-09-26,173.50057001651604,311.19041687093375,130.51187411815656,130.38999938964844,249.5500030517578,42.7947755047386
2023-09-27,171.36150860467507,309.6338325713444,130.82472517586547,127.4800033569336,245.3300018310547,42.846750726606956
2023-09-28,170.36133082824708,310.7963832987914,133.26799464147877,126.58000183105469,247.5500030517578,43.42040969450895
2023-09-29,171.39124466953126,314.7270594095326,133.97318869928992,129.14999389648438,254.77000427246094,44.11799774453881
2023-10-02,172.6093042881744,317.11112070459063,134.43999278095146,130.47000122070312,254.27999877929688,45.14838526378596
2023-10-03,171.94578673866616,316.61862746801495,134.3207829741025,128.52000427246094,250.02000427246094,45.1034121671623
2023-10-04,172.5201776911012,315.2886840483283,135.6417597486014,127.36000061035156,261.8599853515625,44.117001536770516
2023-10-05,173.74813426454526,315.2294728553235,135.57223250583104,126.7300033569336,263.6000061035156,44.873555244834996
2023-10-06,176.26350633418187,324.30276775869294,138.23998837759044,128.4499969482422,261.6499938964844,45.762027093274135
2023-10-09,177.3132302836497,325.3962859760922,139.01865609163104,128.7899932861328,261.3599853515625,45.5781354250376
2023-10-10,177.9767230488949,326.1844374022075,139.78341707340095,130.74000549316406,268.94000244140625,46.231745925219705
2023-10-11,178.10547200469523,327.87885770845634,141.25336261602536,132.0500030517578,268.6000061035156,46.83140494362504
2023-10-12,180.57131695227565,328.67686131918805,141.4122622967003,134.47999572753906,265.4100036621094,47.58095729211939
2023-10-13,180.16529977566205,328.8738545851508,140.3793272332889,133.30999755859375,259.6000061035156,47.088247061466205
2023-10-16,177.3429435766639,331.14960684186315,139.94728309632643,133.07000732421875,255.39999389648438,46.19776888197393
2023-10-17,176.6893566043469,328.5093973778692,140.28996568260703,132.5800018310547,257.17999267578125,44.72764209675683
2023-10-18,175.85749653944856,330.60776009184275,141.02493090489875,130.6699981689453,254.6300048828125,43.19354648553622
2023-10-19,176.11496052795673,331.87860610828534,140.04664631187856,132.24000549316406,230.61000061035156,43.27149704183871
2023-10-20,173.718419244541,326.9922476443287,138.09497860916554,128.1699981689453,218.86000061035156,42.44498744497046
2023-10-23,172.32209697076135,327.79022513571806,138.07512072917788,127.87999725341797,216.97999572753906,43.2225259559653
2023-10-24,171.98542471489895,326.91344339948563,139.75364980879309,128.8000030517578,222.0500030517578,43.671259880071666
2023-10-25,171.38130226309403,341.0602651549816,129.21575431429392,126.33999633789062,220.10000610351562,43.62429085852798
2023-10-26,169.7176006449458,336.5580665556183,124.60728044031188,121.63999938964844,214.8000030517578,42.231109527965074
2023-10-27,167.32109955610002,331.7209906231655,123.59421155863207,130.02000427246094,212.41000366210938,41.18173216586504
2023-10-30,169.50966778359705,334.41045907381,125.68986740616607,133.0,210.8800048828125,41.74140011545999
2023-10-31,169.24228464861295,333.9671639293421,125.69980254278161,133.57000732421875,202.8000030517578,40.85492597583814
2023-11-01,172.53995851269775,342.26212297561244,126.87178463321261,137.35000610351562,205.99000549316406,42.35604230855743
2023-11-02,176.05554977286621,343.65124230375756,129.20581676833135,138.80999755859375,219.1999969482422,43.858149075327375
2023-11-03,175.10485722122255,349.12864623567805,129.84144045040077,139.49000549316406,226.3699951171875,45.28230687928524
2023-11-06,177.6895120451555,352.2318923839863,130.665817294883,140.72999572753906,226.32000732421875,45.907942145910646
2023-11-07,180.67034717470034,357.07882980965496,132.37413053825398,143.3699951171875,223.1199951171875,46.19077833519736
2023-11-08,181.67054768588966,358.46786694409883,132.63234372011158,143.1199951171875,224.14999389648438,46.839396518994945
2023-11-09,182.3340449245472,359.3742808349746,133.04949721077423,142.64999389648438,220.8000030517578,48.201585067164196
2023-11-10,185.00371491529177,364.605340995874,133.35739831059152,143.64999389648438,215.3800048828125,48.443446517904555
2023-11-13,184.46823531200093,362.99963986206404,133.19848090776173,143.22999572753906,225.39999389648438,49.08707205400293
2023-11-14,186.53078271340215,366.42796942333877,136.30721680296887,147.25999450683594,238.13999938964844,49.804643679009864
2023-11-15,187.90909130382101,368.33647051944837,135.90994428285046,147.2899932861328,246.6999969482422,49.93057048121235
2023-11-16,189.35684600106327,371.5151437395558,137.936062895952,143.32000732421875,240.8800048828125,49.49583073208514
2023-11-17,188.78169803245333,369.5606164050821,137.0620551562761,145.22999572753906,237.38999938964844,49.687718627140484
2023-11-20,190.29887250675844,374.0028086735615,137.4841775246532,146.6300048828125,237.10000610351562,50.51822102854622
2023-11-21,189.91215257469014,371.38684030809384,138.02048225208836,144.0500030517578,243.6199951171875,50.48723796925796
2023-11-22,191.31031344701395,374.9109292631738,140.14097485234876,147.74000549316406,244.00999450683594,50.305343443741435
2023-11-24,189.2973377280717,373.11430897435366,138.72764589165334,147.1999969482422,238.75,48.89218598438888
2023-11-27,189.06928760823715,375.75007453622237,138.68097252431508,149.25999450683594,238.3300018310547,48.50140962414012
2023-11-28,189.47582799498892,378.07973380889825,137.71756254349978,147.60000610351562,247.0,48.29454229996898
2023-11-29,190.47734794655034,379.3629996146164,138.7207101068505,148.5399932861328,252.75,48.73328389544531
2023-11-30,188.7222354910008,375.2071005292818,136.02909611889757,146.92999267578125,245.22000122070312,48.08165761920248
2023-12-01,189.95181189166442,373.3018642037359,132.59263344572554,147.25,240.19000244140625,47.17219475548985
2023-12-04,188.454496430777,364.7728590438149,130.5565604849325,145.35000610351562,239.3699951171875,46.04985981674189
2023-12-05,192.76794143388682,368.287117368969,132.63233558644112,148.57000732421875,246.66000366210938,46.57664693505586
2023-12-06,193.1249319103576,369.3729925287451,132.40392436898622,147.85000610351562,246.57000732421875,47.36325656412602
2023-12-07,193.3629205543118,366.67811645989656,139.04845550081836,147.9199981689453,244.0800018310547,46.605631500937335
2023-12-08,194.34461894265894,369.6494197796378,137.05211887182605,147.83999633789062,245.27000427246094,47.71707199991906
2023-12-11,191.8655919183663,366.82619337920636,133.8738389873556,146.19000244140625,243.44000244140625,47.50717632201845
2023-12-12,193.08527375940776,369.60995965587347,133.62555100659748,147.5,238.99000549316406,47.642108221332236
2023-12-13,196.33772271445184,372.78864954348,133.86394049599028,149.4600067138672,240.3000030517578,48.569654619632786
2023-12-14,197.9441408874326,368.95846237315817,134.1172124747159,150.5399932861328,253.8800048828125,48.645610681659974
2023-12-15,196.73438033852585,367.6158446429965,133.9135897375791,150.57000732421875,254.1300048828125,49.37924378573962
2023-12-18,194.97924583916173,368.2081805782412,137.4394519740675,154.85000610351562,258.739990234375,50.40772334929845
2023-12-19,195.29654695271066,368.46484375,137.82680598922155,155.1199951171875,258.3399963378906,49.67509226753452
2023-12-20,196.0204465599507,371.1992368493833,142.105522005112,155.6300048828125,259.8399963378906,49.97393763852956
2023-12-21,195.42546903656068,369.6000599811611,141.06465992680535,153.97000122070312,254.8000030517578,49.07039338559571
2023-12-22,193.76945704279927,370.3601813274184,142.27636599411244,154.35000610351562,258.2200012207031,49.35825100102085
2023-12-26,192.2622504150879,372.097571135072,142.96664254548668,153.97999572753906,257.9700012207031,49.575137414585996
2023-12-27,191.87551008122907,370.241737520185,142.34591060897586,154.77999877929688,263.3399963378906,49.65510348950808
2023-12-28,193.0257841884141,371.6237571110033,141.30305528735602,154.0800018310547,265.1300048828125,49.85899903094536
2023-12-29,192.76794644853246,372.3147438435589,140.47370998040037,153.88999938964844,255.19000244140625,49.97194517562977
2024-01-02,186.85799339797134,371.0709095466851,139.65927218386082,152.3800048828125,251.25,49.27029006493009
2024-01-03,184.31949132166326,368.46485117398277,140.13103997328284,151.0500030517578,245.67999267578125,48.159848009515486
2024-01-04,181.552914127362,368.3069105586838,139.67913988502855,147.3800048828125,242.6999969482422,48.47569292887805
2024-01-05,181.22568820887324,367.2802631804361,137.86655420990613,146.58999633789062,240.1199951171875,49.522166721608514
2024-01-08,184.04183940945515,370.3799226566514,139.6840973184582,149.39999389648438,241.25,52.248802601709635
2024-01-09,183.59560395931726,371.15978442404423,141.8294234239338,151.7100067138672,238.9600067138672,54.29777651370217
2024-01-10,184.83512061558696,379.23469986544035,143.5426951064754,154.4199981689453,235.5,54.572632418491246
2024-01-11,185.4796709750172,385.66104720244766,145.66321077196457,157.1699981689453,230.92999267578125,55.3182646237258
2024-01-12,185.17226924419936,383.6867249034369,143.75622987257645,156.1999969482422,225.33999633789062,54.942447033748536
2024-01-16,182.71307958868692,388.96805409085823,144.8487709416046,154.99000549316406,223.49000549316406,56.80651660434578
2024-01-17,181.39423295178236,385.0984373793353,142.43529321729977,152.14999389648438,215.6699981689453,56.442699756892196
2024-01-18,187.55209963440907,388.92854269445195,144.5955042753339,153.77999877929688,217.4499969482422,57.57113740723664
2024-01-19,190.33852272040096,393.54840087890625,147.03381078438758,155.75999450683594,213.19000244140625,59.470179816121735
2024-01-22,193.69016613117572,395.4733846867512,148.99538084129608,157.0500030517578,217.8000030517578,60.30076621768796
2024-01-23,194.10663433692045,394.24926554264465,147.84823331444744,156.2100067138672,215.64999389648438,59.879974896146315
2024-01-24,194.73136366797482,400.4189955779341,150.53983426098853,158.50999450683594,212.72999572753906,62.81749966312902
2024-01-25,194.62226243680658,401.7813154634368,153.70814707763748,158.50999450683594,193.0,62.687565633845296
2024-01-26,193.1249321296598,400.9521193988072,153.06256806252554,160.72000122070312,186.77999877929688,61.75203783033358
2024-01-29,190.5864320350317,404.71312091427023,154.1451667501161,161.2899932861328,191.47999572753906,62.45767916479008
2024-01-30,190.1898085739461,407.7436682887795,153.98623046062033,161.72999572753906,196.36000061035156,63.46117602894952
2024-01-31,185.52924295226458,409.98453286629814,144.60046116076612,159.00999450683594,193.97000122070312,62.23779495619412
2024-02-01,185.38051582576702,402.75853089052634,143.63705807686486,159.75999450683594,189.8800048828125,63.159334010145514
2024-02-02,185.75731994134992,407.34878623666043,142.90209272277824,172.5,188.69000244140625,66.56662061369005
2024-02-05,187.66121220628375,405.87794489838444,145.67312547842107,170.5500030517578,184.67999267578125,69.46218234609371
2024-02-06,187.72066499351556,402.72894332826615,145.74263867089806,170.7100067138672,186.49000549316406,69.71904328530657
2024-02-07,189.4460704904296,408.97759276390855,146.00089203792436,170.8800048828125,189.7899932861328,70.1848072130282
2024-02-08,187.94875754592414,410.22139277488515,146.60677014791105,171.42999267578125,191.6199951171875,70.75851634793179
2024-02-09,188.63541144119677,415.4138590210017,149.67076746269106,175.0,194.1199951171875,72.14883106624032
2024-02-12,187.32479480430874,415.3348429045064,149.56644397644274,175.38999938964844,194.72999572753906,74.57359879264203
2024-02-13,184.8823592862032,404.80198377503444,147.03381560382212,170.9499969482422,187.25999450683594,73.41319410596859
2024-02-14,184.2071710720395,405.32307733535373,146.82525108162173,171.2100067138672,188.88999938964844,74.19879860297466
2024-02-15,183.17456988013814,404.6209064246705,143.77610400462038,171.1699981689453,200.8800048828125,73.93791554498753
2024-02-16,183.53204565484478,403.79014145741866,143.49800770290975,170.4199981689453,203.1699981689453,74.36471160286108
2024-02-20,181.12929511659567,400.0320148509245,142.35481420467525,168.7100067138672,198.60000610351562,71.91994112607156
2024-02-21,181.5859933284812,397.8563009238514,143.00139831132194,170.22999572753906,199.44000244140625,68.85348517508466
2024-02-22,183.64127060390982,408.28008583103167,145.20631447694223,174.8000030517578,198.32000732421875,78.53562599449027
2024-02-23,183.72068024032762,411.2766562901841,144.96297886741098,175.75,197.57000732421875,82.35270728551444
2024-02-26,181.45693020455124,407.61750865515694,142.86236233617606,176.3699951171875,201.77999877929688,80.60559027528652
2024-02-27,182.6086766905276,403.819813241038,139.53511473206024,174.6199951171875,205.60000610351562,79.4401766634304
2024-02-28,181.81437153541262,404.7890136651283,138.33335811960436,174.0500030517578,205.3000030517578,78.89343695625473
2024-02-29,181.26830407372196,409.63503299154024,138.99876824237643,177.22000122070312,205.27999877929688,79.9499232865241
2024-03-01,179.24283570733874,411.2866021355908,139.04847394982835,178.72999572753906,204.52000427246094,82.25875564759677
2024-03-04,175.63870116419773,412.7502875361098,135.70136407802622,180.13999938964844,199.75,87.65104302544864
2024-03-05,170.8133520831047,409.6844709938999,133.10910177124268,176.92999267578125,184.58999633789062,86.05789246708638
2024-03-06,170.01907946057096,400.6946806605517,133.82421817550758,176.4600067138672,181.5800018310547,89.68324305114874
2024-03-07,169.51270494606766,405.26375963919287,134.89686043251785,177.99000549316406,180.0399932861328,92.7248547713437
2024-03-08,172.4615205019895,405.89670410960423,138.04035272217487,178.7899932861328,182.72999572753906,97.35575222228928
2024-03-11,173.13669366515666,401.2088950055716,139.02859124953528,174.47000122070312,182.8699951171875,88.75664474357295
2024-03-12,172.78918743932962,410.98993730983005,139.32655356229864,176.75999450683594,179.42999267578125,91.9182296909345
2024-03-13,171.95516088785197,413.57118820964047,141.22357928560828,177.6199951171875,176.0500030517578,91.46243535397218
2024-03-14,173.06716728584055,423.10492026926096,143.74628109974697,179.52999877929688,171.1699981689453,90.60482099682989
2024-03-15,171.3892364501953,417.94241719453214,143.35893858534425,177.92999267578125,165.17999267578125,89.5053195385714
2024-03-18,176.44294118443133,416.09306343618266,151.89057695283617,176.69000244140625,174.72000122070312,92.36302032319799
2024-03-19,175.35075903574833,417.0227081134529,148.60308505107128,176.08999633789062,172.82000732421875,90.50287458112766
2024-03-20,177.39608764648438,421.26539222387987,148.74211677188956,178.52999877929688,176.25,90.36893262675873
2024-03-21,176.22449141078243,426.07187931857345,150.27660316481433,181.4199981689453,178.17999267578125,92.60591719212168
2024-03-22,171.8161651814705,425.1224525568096,151.52308826961857,179.25999450683594,171.1999969482422,94.73494632617268
2024-03-25,170.7140758962492,422.6994260228323,150.4265853577574,180.99000549316406,175.24000549316406,96.7220301978138
2024-03-26,170.19778406175462,421.2950943120244,152.15873492930152,180.4499969482422,184.25,96.33122190575376
2024-03-27,172.36225110852925,419.7720747256789,151.65218995305727,180.0,181.91000366210938,93.1976391484463
2024-03-28,171.00199196056712,417.2204799799258,151.6323451618167,181.6999969482422,179.57000732421875,91.25852036781959
2024-04-01,170.02900599080004,423.17416401356485,155.9329114432533,183.0,176.75,92.18309875741171
2024-04-02,168.13261974429108,417.72483894977006,154.9297873521515,180.7899932861328,167.69000244140625,90.0530682986896
2024-04-03,169.46303876556578,418.5951594920779,155.48598968638157,182.8699951171875,168.82000732421875,90.33294713635686
2024-04-04,170.69422114433502,423.94559634674056,155.118459214274,185.10000610351562,177.19000244140625,90.59282202260623
2024-04-05,169.17513298848516,421.809370796235,153.7875994661611,186.27000427246094,170.86000061035156,88.44080224771263
2024-04-08,167.99361496437555,422.5708472466926,155.59024966391866,187.2899932861328,174.5,88.78964187058105
2024-04-09,168.86736178126412,423.0257792491063,158.8032760745094,187.33999633789062,179.22000122070312,87.59517772557601
2024-04-10,167.8843822327512,419.35665657798455,157.08504160417482,186.27000427246094,174.92999267578125,87.36029436616496
2024-04-11,174.208995705804,424.6378159464607,160.02490244508977,189.77000427246094,175.8800048828125,90.69778195869354
2024-04-12,177.08832180821437,420.4940018672189,160.6009669981502,188.3800048828125,173.80999755859375,90.13403751700548
2024-04-15,175.37063525095596,422.1159406782311,159.73688609456082,188.69000244140625,170.69000244140625,90.57183360831459
2024-04-16,172.5210775974863,413.7887093494547,156.16133294295136,184.8300018310547,158.19000244140625,88.07796585968008
2024-04-17,169.43326939438703,414.2634756329666,157.60248998335425,184.57000732421875,158.3300018310547,88.73467063272588
2024-04-18,167.4375970919546,407.3505281111276,157.4078130055725,182.38999938964844,152.1999969482422,86.15084492565727
2024-04-19,165.21359005742565,401.0111429150955,156.91618137618147,179.0,150.94000244140625,84.28570097395453
2024-04-22,166.06743588145892,398.41010845767454,158.10305619927254,178.8699951171875,144.44000244140625,80.0366284086813
2024-04-23,165.85896158515186,403.70118651665103,159.38927557931888,179.92999267578125,147.25999450683594,82.7314025960764
2024-04-24,168.09289802448964,407.92408759573516,160.29307293528493,180.32000732421875,167.97000122070312,84.04380588258387
2024-04-25,169.39356334150216,395.4827278196125,157.20420847456293,173.9199981689453,170.8800048828125,83.2851552261899
2024-04-26,170.1183436596222,408.4482287983126,175.2209318481347,180.82000732421875,172.1199951171875,88.29088225677599
2024-04-29,174.7749147415349,401.84186227525186,170.21517780105322,183.52999877929688,198.8699951171875,87.9520187834122
2024-04-30,173.74233280675443,397.727739119863,168.71542953697917,182.99000549316406,190.9499969482422,88.77865678653
2024-05-01,171.47858587357683,397.2925241271141,167.66262494833143,185.14999389648438,185.86000061035156,85.9609283053191
2024-05-02,172.18352915382397,395.5222843363775,167.38454930866686,185.10000610351562,184.60000610351562,86.19782250273573
2024-05-03,185.66669440285864,402.66272106797066,168.695586105931,187.8699951171875,184.77999877929688,89.24043810826264
2024-05-06,182.8866500436298,409.36798584093685,168.7452060358536,188.75,187.55999755859375,92.17810238522513
2024-05-07,183.58164691028847,410.0998567263718,172.29098111284586,189.94000244140625,183.25999450683594,91.73930312313776
2024-05-08,181.76473696457006,407.68672686794355,170.74056046805404,188.42999267578125,176.05999755859375,91.15256830092393
2024-05-09,183.34338298682428,408.1713423301442,171.26797377514256,191.6999969482422,175.6199951171875,91.03062873527097
2024-05-10,184.01958970422,410.8020283165112,170.17543476333674,189.88999938964844,173.05999755859375,91.35947654092773
2024-05-13,186.01794745703555,413.73925463493686,169.7880970327157,188.30999755859375,175.39999389648438,90.95666761749975
2024-05-14,187.21101770983566,412.8887677392151,171.60565766413922,187.72000122070312,179.49000549316406,91.60937070385219
2024-05-15,189.54741702859607,419.8951120945601,172.8630685243326,186.72000122070312,180.0,94.81891011999194
2024-05-16,189.99483406684226,421.4902365295034,175.14145898339967,187.30999755859375,175.7899932861328,95.77546736350578
2024-05-17,189.70647770502518,419.01335772051186,176.28859993291974,185.3000030517578,179.6300048828125,94.69696338532674
2024-05-20,190.81006568993442,422.82776355183796,178.72691816682396,186.6699981689453,177.75,95.15674583258804
2024-05-21,191.6153866469515,428.9705026738853,178.59781299691733,183.25999450683594,186.8800048828125,95.35666783512194
2024-05-22,191.70486886169914,428.41567724259045,177.63637518954954,185.22000122070312,183.8000030517578,95.97638936710452
2024-05-23,189.89539287135,429.5947037930371,178.687189229979,184.75999450683594,181.89999389648438,106.27169708469262
2024-05-24,189.47783802324832,427.07814273445496,176.098909756579,182.44000244140625,180.0800018310547,106.42662538840617
2024-05-28,191.8838376427625,426.8403825578059,177.29671851943797,182.24000549316406,178.25,114.88678119811563
2024-05-29,191.13817040866115,426.9592971219993,177.01860487232003,184.0800018310547,178.14999389648438,115.4395315931238
2024-05-30,191.06855279301288,420.38058819244,175.48908689657685,181.33999633789062,182.6699981689453,115.76638234537347
2024-05-31,191.4563096895504,412.90034931684085,173.2345292459978,179.2100067138672,180.32000732421875,112.66579716472957
2024-06-03,193.86232215027837,412.58328776743826,174.66474284578092,178.6999969482422,182.63999938964844,114.94775390625
2024-06-04,194.19040455366581,412.5932008783865,173.99928703829391,179.82000732421875,177.75999450683594,116.547037473925
2024-06-05,195.76127042413225,420.16259212196985,176.7603930238306,181.5,176.14999389648438,122.39335986551771
2024-06-06,195.36360789712964,421.3812522043053,177.4953558930094,185.0,179.72999572753906,125.52994340194898
2024-06-07,195.80105664694403,422.3422993904052,178.2005365812026,186.2899932861328,179.35000610351562,121.63671972354634
2024-06-10,196.1589774177998,424.12565422580445,177.45868975619194,187.22999572753906,178.57000732421875,123.04407498199869
2024-06-11,205.96194772636147,428.8219183123646,177.37914625134988,187.77000427246094,174.75,122.8242751394822
2024-06-12,218.92650784161864,439.3041598174871,181.04823551639575,188.35000610351562,180.5500030517578,126.83277160339148
2024-06-13,215.49645484580142,439.29425421053884,177.4984541099869,187.6699981689453,191.0800018310547,129.7516840309139
2024-06-14,213.9256018265929,439.0465534624952,177.7172135792028,183.72000122070312,186.0,132.7905668615139
2024-06-17,217.68374402084368,446.77453890586355,178.9004768092494,185.0,188.80999755859375,133.68023590303568
2024-06-18,217.36563283504597,445.9819268194956,177.89621671251533,184.2899932861328,187.1999969482422,136.2792618770274
2024-06-20,213.00098699569836,442.4052359389207,177.7271651627615,186.50999450683594,185.2100067138672,140.70762089792785
2024-06-21,210.66458669732776,446.41781163119543,181.47779391601637,189.27999877929688,183.9499969482422,130.5813900425734
2024-06-24,211.46988977828624,448.5678208280709,181.04824743123444,191.0,188.8000030517578,124.41367504218907
2024-06-25,210.1575545458077,447.25008347754516,184.69744673874425,188.83999633789062,187.97000122070312,126.45290368991874
2024-06-26,213.6173978459433,449.40997710686634,184.87640436233303,194.8000030517578,197.75999450683594,128.07231986611026
2024-06-27,214.49231592564604,451.95617861590233,186.43752025652012,199.83999633789062,198.72000122070312,126.36296048467365
2024-06-28,214.82039400183035,451.17350253784576,185.52272768000066,198.85000610351562,203.1999969482422,127.6624646242392
2024-07-01,216.2520897818886,453.1450891922846,184.28976971985225,198.3000030517578,213.22999572753906,124.79353836567705
2024-07-02,219.10550398155982,455.3445790550665,185.89063626145088,200.42999267578125,231.3000030517578,123.3640816315802
2024-07-03,220.2687225341797,456.7613625247601,186.55684797624113,200.02999877929688,248.35000610351562,128.2322540283203
2024-07-05,225.14038557018992,464.0236777303131,191.17054131148387,200.5500030517578,252.3699951171875,128.8020451346638
2024-07-08,226.53229721329785,463.37973235023577,190.5928303370043,201.1999969482422,259.44000244140625,130.72131795385047
2024-07-09,228.0733048889389,463.0130626647768,191.76715556228163,200.57000732421875,265.6099853515625,133.77021018974597
2024-07-10,231.73202661360727,462.1511058756038,192.21457843410874,200.11000061035156,267.5899963378906,135.0497339856147
2024-07-11,231.04602295166967,460.4866917201194,191.31969170381163,200.27000427246094,271.0,136.09933687854166
2024-07-12,231.2945719488415,452.1444226722039,187.62079936803704,196.47000122070312,251.83999633789062,131.87090512655513
2024-07-15,235.8580383346859,453.0361364302562,188.82391312654403,196.19000244140625,265.6000061035156,131.3411112143201
2024-07-16,234.9036016458956,450.10342815310236,189.26143838906273,196.6199951171875,258.6199951171875,128.99196049020554
2024-07-17,230.1214164943178,440.7407659095282,184.18040101707552,191.5800018310547,258.4700012207031,121.80464702237855
2024-07-18,229.1073212664266,440.5425867682437,183.007069508874,189.67999267578125,257.1400146484375,122.35444713942657
2024-07-19,225.48834608374398,437.06506829851725,180.93885620153185,184.92999267578125,249.44000244140625,121.55474851190428
2024-07-22,226.46267958300487,440.49305821693935,183.25566419065754,185.05999755859375,253.2100067138672,124.02382006512462
2024-07-23,225.6275405798551,444.2480612797599,184.17044671555993,189.38999938964844,255.75999450683594,124.64359711208203
2024-07-24,223.4999296447353,437.4018904716854,176.94162766782634,185.4499969482422,225.99000549316406,119.90534904476712
2024-07-25,219.57277716709376,425.82981495843836,174.20722957366385,183.89999389648438,226.0,116.5865842364698
2024-07-26,218.22064384945838,424.9579215661057,168.87758200343924,183.19000244140625,222.27999877929688,116.15674442221705
2024-07-29,218.0317421116191,428.15806348242296,171.1844558514704,184.75,234.27000427246094,116.23671871019991
2024-07-30,219.05575720060034,425.0867165408092,171.96998939296338,185.86000061035156,232.41000366210938,111.94831904183755
2024-07-31,222.52561225525915,417.88387385546883,174.91320865604047,187.94000244140625,234.67999267578125,118.29594880516444
2024-08-01,223.1817695634113,423.5113878535516,174.68451733543088,190.60000610351562,231.8699951171875,120.11528690507727
2024-08-02,224.29529507499745,411.1665191178448,169.24551138112997,168.77000427246094,216.1300048828125,108.67952919207649
2024-08-05,212.26528622278008,397.3354847916009,164.9996912656783,162.9600067138672,203.8800048828125,103.37151801623692
2024-08-06,208.7755724881847,401.92272047285906,161.43005119518008,165.0800018310547,202.89999389648438,107.66991601333109
2024-08-07,212.40446750854989,406.2919206772892,163.85621202253907,167.5800018310547,203.49000549316406,108.75951041282163
2024-08-08,212.96122253044004,402.1109462771406,164.56218776245834,166.69000244140625,200.6999969482422,105.46073260357065
2024-08-09,215.52628070771925,404.2806866644843,164.5820880366157,168.5500030517578,200.8800048828125,106.5603314935722
2024-08-12,218.49313190431408,404.98415381866863,165.7553825550023,168.5500030517578,199.25999450683594,111.02867141394987
2024-08-13,220.86210287308924,411.11698828818714,165.5962748050298,171.0399932861328,208.49000549316406,116.18674170739067
2024-08-14,221.99683071433236,413.8613794713292,164.02526734280278,172.27999877929688,208.44000244140625,118.55585963676825
2024-08-15,224.3060872818483,417.9719991787332,162.59339934054438,177.91000366210938,215.8800048828125,123.1941334844724
2024-08-16,225.77920829872497,418.20035477297347,166.00395633125356,178.33999633789062,219.8000030517578,124.95347986245288
2024-08-19,224.94312498661264,418.60730840360986,167.51536563246327,178.3000030517578,222.97999572753906,129.9516143798828
2024-08-20,226.11763957317405,422.68668148594463,169.444359137714,179.00999450683594,228.22000122070312,129.83166269656482
2024-08-21,226.92387876417723,423.22263097030424,167.68441673185333,182.38999938964844,224.66000366210938,129.30186873034427
2024-08-22,227.28221598709214,423.6097249060729,168.45996922183042,181.47000122070312,224.8000030517578,130.70134819678017
2024-08-23,227.16278137803022,416.13583025134443,166.9983199112622,178.97000122070312,221.47999572753906,129.5517637458536
2024-08-26,226.2271215594374,414.17061105594456,168.4202044524346,177.47000122070312,219.08999633789062,131.2111423152786
2024-08-27,227.7898720189865,411.27233984867695,167.29164775200093,174.88999938964844,215.66000366210938,129.15191727923408
2024-08-28,228.79517959293358,411.9075507666891,166.44147895671864,173.69000244140625,211.83999633789062,128.28224429229948
2024-08-29,231.84099956412553,418.9050455158515,166.6801166225093,174.2899932861328,214.88999938964844,124.38369252727087
2024-08-30,229.33267166766268,414.37904497336154,164.3434275620666,178.89999389648438,214.57000732421875,121.70468827145996
2024-09-03,227.9391727978887,416.7512462836699,162.45421788846468,178.25999450683594,219.89999389648438,116.1667439153335
2024-09-04,220.75260404502964,408.1756176150405,159.4910761689926,175.97999572753906,222.22000122070312,113.22783311293709
2024-09-05,224.43546851590304,410.021757358501,160.10258710131595,179.8800048828125,235.0,109.60919166518133
2024-09-06,224.1965806221913,407.5900165631096,158.31776446976443,178.3800048828125,233.60000610351562,108.10974457653745
2024-09-09,220.24499065438135,405.6049064318399,153.966117760885,175.85000610351562,219.8699951171875,106.5103462006769
2024-09-10,220.45398059003196,413.2276892130327,151.63633754172483,180.5,226.39999389648438,109.3592802066297
2024-09-11,222.05654079085224,420.83059814465895,151.81554806620483,184.99000549316406,228.47000122070312,117.14638014948389
2024-09-12,222.51442259643306,424.18541433930886,154.93191539548397,187.41000366210938,231.4499969482422,120.75537880467239
2024-09-13,223.00214343080088,428.61218961071086,158.58094104280494,188.5,232.6699981689453,119.92560332926655
2024-09-16,216.21374159471785,430.2995073976486,158.54609075931882,185.80999755859375,229.9600067138672,118.14611345715065
2024-09-17,215.8952118613641,438.5575267353336,160.88584730457183,189.4499969482422,234.57000732421875,118.76594842655497
2024-09-18,221.67831024616868,432.78086567930353,160.92568699517338,188.8000030517578,235.67999267578125,117.66625439302568
2024-09-19,228.75538000957175,438.21014026162374,164.2710454691448,190.99000549316406,244.24000549316406,119.62569992209964
2024-09-20,232.01021467188832,435.9669380311288,164.03208291554088,191.83999633789062,243.99000549316406,118.58599507614844
2024-09-23,228.38707413181643,433.2076626680782,165.88397275654322,194.4499969482422,250.0,116.9564634197924
2024-09-24,228.28755007923567,430.1208604741096,163.8329639111907,195.3699951171875,257.19000244140625,121.76508371624787
2024-09-25,226.23707111110926,429.89255926301774,163.50139761204187,193.9499969482422,257.04998779296875,124.90418446690079
2024-09-26,227.44147457763864,432.05626635685144,164.7788251915405,194.52999877929688,261.75,127.63339688941237
2024-09-27,228.45675318264773,428.6320130497984,166.2424198697135,190.89999389648438,260.70001220703125,123.99444725769884
2024-09-30,231.92063903808594,427.2127286730621,166.63071368478148,188.49000549316406,264.8599853515625,121.46516987339125
2024-10-01,228.5861456381701,425.28719822242925,169.69729815329652,186.19000244140625,263.9800109863281,122.40489622649267
2024-10-02,226.31672490502262,419.66933146547984,168.14409852538486,186.60000610351562,251.16000366210938,119.34577243311742
2024-10-03,225.75930638603796,416.4236768512481,167.17833096865448,183.44000244140625,249.7899932861328,124.3243504544059
2024-10-04,226.9437971307691,416.62222309915006,168.8111767024193,187.60000610351562,250.9600067138672,125.00415413490973
2024-10-07,224.64451046166124,414.0018496365578,169.15962888910855,183.60000610351562,249.8300018310547,130.6025566538886
2024-10-08,224.93315503301397,412.5626841012525,165.37620184985647,183.08999633789062,246.2100067138672,133.44172537204778
2024-10-09,228.68570318762718,417.247497795826,165.5354940563339,185.85000610351562,247.42999267578125,134.48144332062452
2024-10-10,228.43684913724616,414.24006019253727,163.5950013001064,188.1300048828125,242.7899932861328,134.96131029321415
2024-10-11,228.34727968813561,414.02173524996044,164.54983242552584,189.92999267578125,223.33999633789062,135.74108264717918
2024-10-14,230.65651637799863,420.8802352901763,166.88957700087903,189.8300018310547,221.91000366210938,139.56000161928338
2024-10-15,236.3898456598821,419.3318413994773,168.35317356937637,188.41000366210938,224.25999450683594,138.53028982768672
2024-10-16,231.0447048824563,413.25742799200697,166.55105266505137,187.77999877929688,222.82000732421875,136.58082718354044
2024-10-17,232.76670668063704,419.35170523704693,167.19821643099237,188.94000244140625,222.0800018310547,140.84961880375567
2024-10-18,235.0858880500012,416.52292426802023,165.64502008827174,190.74000549316406,222.27999877929688,138.86016981880368
2024-10-21,235.75280253487685,415.8380752730999,165.4956826376428,189.4600067138672,220.47999572753906,143.66880798339844
2024-10-22,235.125712669187,427.37150260733677,166.74022480209356,191.52000427246094,218.22000122070312,144.37862268295584
2024-10-23,234.05072423456664,427.86776005710016,166.86967454799074,189.16000366210938,218.72000122070312,142.3891613712536
2024-10-24,229.75073396519565,422.80577949754775,164.33078763866595,187.11000061035156,262.1199951171875,141.30948393843238
2024-10-25,232.13962556438537,429.2969955930063,166.67051564133874,190.4499969482422,269.489990234375,144.0886893234089
2024-10-28,233.64261197661628,428.72133353876035,169.8625775312727,190.2100067138672,273.5400085449219,143.09898064959424
2024-10-29,233.2444706163013,429.94223358580945,171.11108976015856,191.4600067138672,264.9800109863281,142.2192081120129
2024-10-30,232.38845656475567,435.2324917274877,182.98911006764936,195.61000061035156,263.3500061035156,140.28977049571748
2024-10-31,228.765302938299,413.05894946974416,177.64252708017523,190.60000610351562,259.75,137.5705707608992
2024-11-01,224.30607958110733,412.40385077597955,173.06257431299005,200.5,254.0,137.2706470867555
2024-11-04,221.75793762543637,407.3617375208185,171.17082016688954,197.3300018310547,248.89999389648438,138.9201710380497
2024-11-05,222.91255498009295,411.8083202953773,171.34705817597293,199.82000732421875,255.27999877929688,140.32974787080795
2024-11-06,225.02275032206146,417.31698816741806,177.86154891962624,207.5500030517578,289.5899963378906,146.44800513885863
2024-11-07,226.82436463330757,423.66928922885575,181.78439828472426,212.25,299.75,148.8872995129736
2024-11-08,227.8511489598711,423.3219017245024,181.55540329027707,209.9600067138672,328.7099914550781,149.72706281958904
2024-11-11,224.90161465065876,421.6444892164841,181.29155207407845,209.64999389648438,358.6400146484375,148.80733573059373
2024-11-12,224.79200315214243,421.27724345465793,183.22309374945092,209.5399932861328,345.8399963378906,149.60707763368606
2024-11-13,225.84824072641777,426.13078508233804,181.8192466194637,215.08999633789062,344.6000061035156,149.2872090486766
2024-11-14,228.06039910056816,424.9794756745813,179.6586932804585,215.89999389648438,329.9800109863281,148.95728942511607
2024-11-15,226.11730807125568,419.64945830467593,175.11358167386166,207.33999633789062,324.67999267578125,145.19836028928967
2024-11-18,228.9273417095955,415.282238255226,176.13910806830904,204.6699981689453,348.54998779296875,141.50940991238423
2024-11-19,229.34584301691135,414.82569505476647,179.38486486474858,205.3000030517578,347.3800048828125,147.08782570288798
2024-11-20,229.11664435033194,414.18052617467214,178.32950846808063,203.1300048828125,346.6000061035156,147.5176944558783
2024-11-21,229.3458528412815,417.4859808182417,174.8148865873952,203.49000549316406,347.989990234375,152.84617867409492
2024-11-22,229.90386885981255,415.11896888171356,167.53178337066268,199.25999450683594,361.5299987792969,147.1178306503594
2024-11-25,232.42491005721112,418.778836873561,169.7172065350398,201.9499969482422,361.92999267578125,142.0092725854583
2024-11-26,234.73670603206307,426.69537265560376,170.74768243022393,208.0,346.9599914550781,139.26007526155422
2024-11-27,234.85627456038557,424.8952553598379,170.39423547744005,207.63999938964844,342.54998779296875,137.18065910710888
2024-11-29,236.96877632211965,422.55809676444443,170.12540407605727,208.1999969482422,345.45001220703125,139.31006372977
2024-12-02,239.93822952974793,430.63370587040276,172.84353545661656,212.99000549316406,360.0,140.40974141861778
2024-12-03,241.90126799408412,430.1066156030698,173.56039040413435,214.02000427246094,355.69000244140625,140.4997214017946
2024-12-04,243.24649032811607,437.2672755840065,175.66117711522332,220.0,358.1000061035156,145.7481962192296
2024-12-05,243.67497660990782,442.2300015529848,176.93562368996317,222.14999389648438,375.42999267578125,146.50808533514203
2024-12-06,243.7646642163996,443.66213830194334,176.06842551982896,227.14999389648438,389.489990234375,145.66828146425675
2024-12-09,246.36542364679892,445.8798931073043,177.46525783971273,230.0800018310547,404.79998779296875,139.91950565348523
2024-12-10,247.33200068563022,447.16289170564096,187.4230296378457,229.05999755859375,409.7300109863281,141.78911819403848
2024-12-11,249.91283942191654,447.8889300799693,196.25442385309114,231.1999969482422,424.8800048828125,140.1394610798945
2024-12-12,247.8601253939288,453.66717934055725,196.07001433446632,231.08999633789062,429.29998779296875,138.4098556769623
2024-12-13,248.4081739675946,448.9630146718561,193.7126587699419,230.1999969482422,436.29998779296875,139.56960518418134
2024-12-16,250.49077111704125,449.7089034526842,199.992314777292,233.0,463.19000244140625,134.37070812011547
2024-12-17,252.93211150871377,452.80189103583194,202.22508900404006,232.72999572753906,483.989990234375,131.5613383936032
2024-12-18,253.38051965426092,450.1763104473289,198.0486035423652,231.39999389648438,488.5400085449219,136.67022414162827
2024-12-19,251.10857637552834,440.7580781855559,193.97183843918742,226.08999633789062,456.3599853515625,134.0007959707685
2024-12-20,254.0979578981185,441.31501544447383,193.5083072410875,226.2100067138672,447.0799865722656,135.25052978203578
2024-12-23,254.7456651132031,435.2583384488606,195.85571627268868,226.8800048828125,434.510009765625,139.75954112073697
2024-12-24,257.2965955586333,437.1976515770788,197.03191905065805,229.13999938964844,462.7799987792969,141.8690952419841
2024-12-26,259.1799258751944,438.5303413291557,197.52033622530104,228.5,465.3299865722656,140.81933395538283
2024-12-27,257.78488174803636,432.8415878431465,196.1647202757909,226.02999877929688,450.0,138.98972022149263
2024-12-30,252.60326573181473,425.21349868579347,193.15447096011988,223.0,427.0,140.23944563051566
2024-12-31,252.38406352835983,424.3979934566231,192.62616766511687,223.22999572753906,427.92999267578125,138.0399485497518
2025-01-02,248.21884015778812,423.74159992080814,192.57632906643343,225.14999389648438,392.7300109863281,138.84975989825128
2025-01-03,243.31623695542578,421.7127757009971,193.87213391074388,225.36000061035156,411.8800048828125,144.86843662681642
2025-01-06,246.45510633108967,431.9465149926899,198.9158098969417,228.83999633789062,426.42999267578125,152.12686204773377
2025-01-07,244.68139184839126,428.29654775990844,201.48747646329343,228.3800048828125,414.3299865722656,153.09664186378797
2025-01-08,242.84791342439922,424.6366402910522,197.00199887323063,223.52000427246094,402.5,143.91864297451565
2025-01-10,239.3104808095479,422.3890244132644,196.98206455558247,221.7100067138672,399.2799987792969,139.88953842521914
2025-01-13,233.8398957390806,416.21296436365594,191.86861702397582,219.39999389648438,403.7900085449219,133.46094192558937
2025-01-14,235.28475371553364,417.4461724776856,192.6461235720949,221.82000732421875,422.6400146484375,136.35029670610186
2025-01-15,238.11472029161553,425.8102267141552,197.16149175688608,223.57000732421875,429.79998779296875,136.42028814155947
2025-01-16,237.1680713225123,427.1428756329152,196.34412075053376,224.64999389648438,424.0,138.7197730168145
2025-01-17,231.4682996512766,432.1056536473427,198.16821960282297,226.50999450683594,439.739990234375,138.46982912838536
2025-01-21,223.62613445935494,428.54520356031776,203.18198165088893,231.77999877929688,433.20001220703125,141.79911388356058
2025-01-22,223.3272060060417,444.8257568157961,201.4675423346555,235.44000244140625,428.0,147.7578236263026
2025-01-23,226.2269251350915,444.3085582129765,201.28812762165109,235.52000427246094,420.7300109863281,147.19793483530896
2025-01-24,224.831867935065,444.20914332055247,201.91611112171262,236.39999389648438,418.8800048828125,148.93755110518853
2025-01-27,231.32879829775732,432.82172827375285,198.0286770954344,235.61000061035156,406.69000244140625,128.3720332810038
2025-01-28,239.34035603116672,445.9296782334323,196.59332510027124,241.77000427246094,400.5899963378906,128.97190639273322
2025-01-29,239.01152170916106,444.4378728714111,197.81935429110533,240.38999938964844,398.5899963378906,126.86236527865272
2025-01-30,239.93823493591583,420.5491243253889,202.58193012039442,237.9499969482422,412.5,124.97277074327684
2025-01-31,246.31561143302469,418.39098567699745,206.411527975635,240.2899932861328,419.989990234375,127.8221583994493
2025-02-03,231.00992457632861,413.1398303368367,204.55752840288116,239.25,389.1700134277344,118.54417785753162
2025-02-04,232.3053512351318,411.65800277159144,208.02629948497267,242.52000427246094,394.0,121.17360082598954
2025-02-05,231.84696405052938,411.5684907814938,193.92197499920485,238.32000732421875,388.3900146484375,124.97277944773282
2025-02-06,232.9729696905443,415.9145752087822,193.2042997692843,239.66000366210938,375.3999938964844,128.74195426970414
2025-02-07,233.17227650429416,416.36212936115334,192.39192345610874,234.80999755859375,380.54998779296875,130.3415898450845
2025-02-10,230.02693972945139,413.1895693646485,189.3766984774281,233.9199981689453,362.70001220703125,134.97058996230598
2025-02-11,234.65561423976854,410.2357780460881,188.19053660602074,233.44000244140625,349.3699951171875,134.45071452657314
2025-02-12,236.38140252594314,408.5053035519359,186.22689542176803,231.17999267578125,346.3999938964844,132.21120144058102
2025-02-13,241.74825103145727,408.7539254008991,187.38315931387632,230.4199981689453,358.69000244140625,136.4702717517269
2025-02-14,244.9504238462646,406.6753553081934,187.5426362882782,229.88999938964844,362.0,139.21966995740726
2025-02-18,244.58131995427482,408.3561429609082,187.173829973565,229.3000030517578,359.1000061035156,143.408773131914
2025-02-19,245.40929524371262,413.21939292620334,186.7551932313241,226.8300018310547,367.3399963378906,141.32921755912488
2025-02-20,246.17742890005937,417.8547165109783,186.515967653067,225.1300048828125,362.29998779296875,140.62936628696042
2025-02-21,248.08275639920348,416.59905745325864,186.8648210730536,223.30999755859375,354.9800109863281,141.42919381606555
2025-02-24,248.25234005966587,407.9491968592537,184.49250685544612,217.72000122070312,342.3999938964844,138.55982089892026
2025-02-25,249.38956194785018,400.52507980230723,180.17649594747144,213.33999633789062,328.8900146484375,130.17163913409132
2025-02-26,244.3818160551289,402.19924554396545,177.50515679618596,218.16000366210938,309.0,133.7008826502409
2025-02-27,241.86796980219768,404.33177619538384,176.01994740253818,219.97000122070312,297.2300109863281,134.98058915821082
2025-02-28,241.49887076126774,396.24994544118493,171.94315742282225,212.6199951171875,293.8800048828125,125.06275289296238
2025-03-03,243.43412542285543,397.4358274187669,174.43510093183014,214.00999450683594,303.94000244140625,123.67305612882248
2025-03-04,239.4838181516717,391.21745294280987,174.5995557564392,206.8000030517578,284.3500061035156,119.28401358591904
2025-03-05,235.97240266650644,400.27594221038044,175.18268163682967,209.97999572753906,279.54998779296875,118.25423446970035
2025-03-06,237.27920752401755,400.7542663515353,176.15949834739462,205.77000427246094,272.6499938964844,115.32487918451908
2025-03-07,240.78062356819368,393.42976525122566,176.32894457512367,202.27000427246094,266.25,113.45528753337068
2025-03-10,235.583358769024,385.05890917094194,170.09333760834892,196.72999572753906,253.3699951171875,111.82562964494369
2025-03-11,225.28854176632854,384.6603339518935,168.30208065925785,200.17999267578125,237.05999755859375,112.2155506077548
2025-03-12,221.20853706339403,383.883033194115,169.1752673518877,201.52000427246094,251.83999633789062,116.74531696319002
2025-03-13,216.31051974194543,383.9826683121219,167.76820552881753,198.8800048828125,248.2899932861328,117.74518623487266
2025-03-14,213.4275724686152,388.87564310802037,167.89792789698524,198.64999389648438,251.5800018310547,121.86466627272753
2025-03-17,214.69448503570536,391.3470139725856,168.1075107039109,199.0,245.39999389648438,122.87453914631989
2025-03-18,214.624654360469,386.02557849597406,166.0917361122214,194.0,230.10000610351562,119.00501849033903
2025-03-19,218.22582565599035,388.3275289171194,167.78118741272533,195.97000122070312,241.41000366210938,120.43484254394583
2025-03-20,216.9589465476154,390.4302384005767,166.68050364483307,199.32000732421875,238.0,120.18487133427746
2025-03-21,218.30564558008663,390.38038369901005,166.1216557270406,196.99000549316406,249.52000427246094,117.97515272195331
2025-03-24,220.93919345594836,394.02768406346627,170.14323170803982,203.63999938964844,278.6400146484375,122.20462527069279
2025-03-25,223.55281053469957,394.98436068056907,172.54819553776656,206.2100067138672,288.20001220703125,121.27474294212928
2025-03-26,224.47055842890478,393.93800963918454,171.58021155127406,206.00999450683594,284.8999938964844,118.82504445296345
2025-03-27,224.4406368200556,390.87863801869304,167.08963361496558,203.7899932861328,291.8500061035156,114.43560190798578
2025-03-28,223.26350805320467,387.77945533191945,163.46722744812823,199.25999450683594,276.1000061035156,112.85580631482036
2025-03-31,225.06908447075043,375.761320171641,156.80121735692813,191.3300018310547,260.55999755859375,110.94604080353734
2025-04-01,223.13382860511078,381.52123836039385,159.74504769962883,193.92999267578125,277.45001220703125,110.18612804634962
2025-04-02,224.64015156252358,383.74348886180815,159.93962031962053,198.33999633789062,284.989990234375,111.96591394846298
2025-04-03,206.98335084549154,376.16989155085776,154.36332590944218,184.1300048828125,276.29998779296875,105.61670556208404
2025-04-04,199.39194860307396,373.28990195338014,152.7696585204793,178.13999938964844,261.0,100.11740141914926
2025-04-07,193.6759230716255,369.7123913004176,154.60579993715052,183.41000366210938,252.0,101.73719167720878
2025-04-08,189.8752182218586,372.35317854006513,154.11683856421288,185.89999389648438,250.44000244140625,105.83668151314755
2025-04-09,200.1201531468693,391.8652461990382,161.53127930904452,192.64999389648438,274.69000244140625,115.08551252786717
2025-04-10,194.30438674913324,382.56759631800514,159.6951284840176,186.8699951171875,262.489990234375,110.84605211383005
2025-04-11,199.05275825525484,388.6962291414208,159.52549618373823,185.86000061035156,257.739990234375,111.53596322542542
2025-04-14,212.42005238891582,393.28027643878613,163.686766627887,187.44000244140625,261.79998779296875,114.27561914894163
2025-04-15,203.01305790446213,390.5298901348079,161.71092019595181,182.35000610351562,258.75,113.6057097347757
2025-04-16,200.2099310657198,380.2855448116978,157.84900646503428,179.10000610351562,251.97000122070312,106.776566115048
2025-04-17,198.34451232255947,373.02085009277744,156.74133649905758,176.2100067138672,244.33999633789062,104.45685460754896
2025-04-21,193.3267911609043,363.21500903617533,150.74391856133738,169.60000610351562,232.2100067138672,99.42749238220217
2025-04-22,201.097762433896,366.4935901583944,154.28647817349793,176.77999877929688,242.7899932861328,99.79743825075411
2025-04-23,207.49210995336898,379.069813295219,159.68517460141064,187.3800048828125,259.45001220703125,104.78681586825162
2025-04-24,208.32008954356945,387.10181303671203,161.3716291370705,186.74000549316406,259.5400085449219,106.52658985205171
2025-04-25,209.2378355121778,390.79894240871675,167.8879698596393,189.94000244140625,286.8500061035156,111.90592192622726
2025-04-28,210.98357193193158,391.37693221129894,164.60484399235878,190.22000122070312,294.8599853515625,110.35610916663857
2025-04-29,211.72177396764008,393.7287429695286,162.33959932204192,188.02000427246094,293.32000732421875,110.18613082106049
2025-04-30,213.0584895980106,395.2833185411371,161.03632552341878,185.0500030517578,284.45001220703125,108.90629577636719
2025-05-01,214.0360957896086,435.47332427713997,163.59695884625,191.80999755859375,290.8699951171875,114.92553765737502
2025-05-02,206.48458191182934,437.91485278651635,166.3511802953172,192.8800048828125,294.7799987792969,115.38548400726445
2025-05-05,203.60164304236298,437.97461808249534,166.75035109742606,188.17999267578125,284.8500061035156,114.65557085202862
2025-05-06,200.1600578713198,436.2107948487266,166.39111049603875,187.92999267578125,277.7300109863281,114.72556468927546
2025-05-07,198.95301083885846,436.5994115910065,166.64058037151528,190.99000549316406,277.9200134277344,117.66519758488604
2025-05-08,199.56152863729463,442.1301726837614,157.08063299058793,194.3300018310547,289.79998779296875,118.66507265437788
2025-05-09,200.0503289543839,439.21030909915044,156.10265920444155,194.69000244140625,307.0400085449219,118.21512557823269
2025-05-12,211.03050749278242,447.8103787748487,160.10429487952555,211.66000366210938,322.2099914550781,122.98452758789062
2025-05-13,213.1580823159532,449.1058959658508,161.72089473004775,214.83999633789062,337.5899963378906,131.20349680462547
2025-05-14,213.69746987061376,452.32464056421765,167.98775006260223,211.92999267578125,350.0,135.4229610498005
2025-05-15,212.71859464512332,455.44129747226026,167.15947947237044,206.8800048828125,346.1400146484375,136.28285028501523
2025-05-16,212.32903558469047,453.6142932166669,170.29289879987024,206.85000610351562,351.6199951171875,136.3328578150344
2025-05-19,209.24252311349682,458.83570185482216,167.59857222526293,206.6199951171875,343.0,135.85289804232983
2025-05-20,208.2336790492342,457.58776423526933,169.32493740245837,205.58999633789062,354.989990234375,134.5630546490785
2025-05-21,206.80528635778637,457.02868069868646,174.1648107504269,203.4600067138672,347.3500061035156,137.3827028648009
2025-05-22,202.52015274475195,459.49463285512667,177.75727288119202,205.75999450683594,347.2699890136719,134.23311300774128
2025-05-23,197.4758830409797,452.94541128469075,170.84676411617667,202.3699951171875,343.17999267578125,132.66330787048915
2025-05-27,200.51244545494848,460.19348195260824,173.92530044273832,206.69000244140625,363.7900085449219,135.64292419162265
2025-05-28,202.50017366149785,461.7609101640183,176.1107161118287,207.66000366210938,365.0,137.23274065219468
2025-05-29,203.57895243464628,460.9622349154345,175.0329804174553,208.80999755859375,367.7099914550781,143.47196297724966
2025-05-30,201.73105672211125,460.9222720478794,173.0770735186819,205.99000549316406,363.67999267578125,139.6024320207408
2025-06-02,201.9008644592711,461.35157690062545,170.70404207052295,207.0,348.0199890136719,138.10261378714853
2025-06-03,203.5389992121068,463.3782677615003,169.4446927986556,208.9499969482422,355.3999938964844,141.9821253260672
2025-06-04,206.00620910456834,464.9256933509807,169.22515784223899,208.17999267578125,345.6000061035156,142.37208748278405
2025-06-05,204.5178973620389,468.8791825139859,171.999333247985,212.80999755859375,324.54998779296875,143.98188696027037
2025-06-06,205.4668084267123,472.56313512848675,175.4620851142868,213.8699951171875,305.5,143.2519716576077
2025-06-09,205.76647909477697,472.6529977632414,177.75610840952234,217.85000610351562,309.8299865722656,144.98175749406252
2025-06-10,204.11835001917973,472.02401413852874,182.2820814822952,217.69000244140625,327.8299865722656,144.27183958658884
2025-06-11,204.26817387189894,474.68965849935887,181.587704115862,218.39999389648438,335.5,144.9818270127783
2025-06-12,199.45363372918547,479.6315503555016,177.97093371422645,213.5800018310547,332.55999755859375,144.9918212890625
2025-06-13,200.1428492549886,478.3935562569989,178.18374417661255,214.0500030517578,332.989990234375,143.57190012016565
2025-06-16,198.46476655376847,479.90108160832807,178.08581772153445,217.05999755859375,332.04998779296875,146.17174515794912
2025-06-17,198.16509536417735,477.9542649832925,178.5554060908411,217.41000366210938,327.260009765625,145.2118062109318
2025-06-18,197.3460303816964,480.2105751696819,177.66520741745524,217.9600067138672,329.32000732421875,145.64177507521472
2025-06-20,201.47134391409438,482.666537493529,175.2084072749372,214.88999938964844,332.3599853515625,146.1917466588846
2025-06-23,202.07067208145295,486.94948990747275,168.32955099660168,210.38999938964844,357.5400085449219,144.77183143330174
2025-06-24,203.2093768046809,491.0427680081874,169.09885600930554,214.33999633789062,356.260009765625,147.9516567694991
2025-06-25,203.43912119943792,493.7483167920849,173.2051935344053,216.02999877929688,343.0,154.44129154756814
2025-06-26,202.41028074115465,497.2226034494893,174.4940357220232,218.0399932861328,331.04998779296875,156.71116205301092
2025-06-27,202.98962419564972,498.4805390751374,178.68029238922279,223.3000030517578,329.3399963378906,158.7010567029259
2025-06-30,207.15489297707504,499.9381665482639,181.41785885338717,223.82000732421875,325.5799865722656,158.65105473929458
2025-07-01,209.95171998702364,497.2325843953567,177.06175016091657,221.8800048828125,305.8900146484375,157.19114075936278
2025-07-02,213.09814660534315,492.69007550131784,179.77431882306013,221.60000610351562,316.8299865722656,157.5911210146133
2025-07-03,214.40666625629999,499.3091926553608,180.60858345440707,224.00999450683594,318.45001220703125,160.97091579811564
2025-07-07,215.9848699115094,497.9314455400232,180.1789598314395,224.2899932861328,296.1499938964844,159.3010108082469
2025-07-08,211.1903153368944,497.3823555722493,178.63033385947716,224.0,304.04998779296875,160.21097087662494
2025-07-09,211.09043707809712,505.94827712953634,180.11901356387378,224.2899932861328,300.1499938964844,164.41072552837133
2025-07-10,213.23798377907798,503.6121159415126,179.4296251657738,222.7899932861328,310.4800109863281,164.4907306346819
2025-07-11,211.88952536572023,504.20114253320645,182.44692868840252,226.67999267578125,314.0899963378906,167.88053943905462
2025-07-14,210.67091168904602,503.14288052756655,184.5650273381907,226.66000366210938,322.6000061035156,165.48067863727533
2025-07-15,211.64980271899068,507.465747883617,185.24442758915293,227.27000427246094,321.20001220703125,172.39026971263084
2025-07-16,212.1592191902425,505.88836188358,185.16950087616138,226.10000610351562,323.5,171.74031976856003
2025-07-17,211.5599023237274,512.5274410723513,185.02162933119868,224.5,324.3399963378906,174.15018791751396
2025-07-18,211.54990664350106,513.7953843002441,187.19268639627012,226.39999389648438,330.8999938964844,174.24017641906912
2025-07-21,215.53538252867688,511.24956741731427,191.08919620124823,229.69000244140625,338.0,173.37023335124513
2025-07-22,214.7063314773177,510.3610256433726,193.18732979274287,230.0,335.4100036621094,171.38033896465845
2025-07-23,214.90609293027538,505.95826791167354,193.18732802696937,228.7899932861328,336.20001220703125,171.25033914956657
2025-07-24,215.44548969662856,512.826933461713,198.79231737351353,236.0,310.1499938964844,173.82020061413024
2025-07-25,214.9960015887686,517.4393829887753,195.10061746773786,232.47999572753906,323.6300048828125,174.71015156060187
2025-07-28,214.60645396318566,514.1547714605564,194.6460275845246,234.2899932861328,330.489990234375,176.9900219174052
2025-07-29,214.5664825639156,516.7704593446111,196.4843832196581,234.72000122070312,326.25,179.36988356772682
2025-07-30,212.14922883427738,515.1032182392812,198.30275169861974,231.8000030517578,324.45001220703125,179.87986313645385
2025-07-31,209.60211724381097,554.5383762548963,196.65423062723093,236.52999877929688,321.3699951171875,183.28967198380855
2025-08-01,213.33788973606855,534.9206337229102,191.44687467641603,220.44000244140625,309.30999755859375,176.53003812303805
2025-08-04,207.64435521756303,537.3666271513684,195.9049024520249,217.44000244140625,312.1199951171875,180.18983857913796
2025-08-05,205.1072113881769,536.4181643311854,198.5225553573162,216.3000030517578,312.45001220703125,180.24982614601393
2025-08-06,215.1358452662651,530.8274067099719,197.20375182865104,222.64999389648438,320.4700012207031,179.88985025482887
2025-08-07,220.59964108330854,527.2233308658066,198.19284373359994,226.22000122070312,322.3999938964844,183.86963665167795
2025-08-08,230.73813503605493,523.7989228282858,203.24833036524188,223.8000030517578,335.1499938964844,183.2896695438941
2025-08-11,229.55999755859375,526.7241518809952,201.97947666721265,223.0500030517578,346.6400146484375,183.82962677132744
2025-08-12,230.8000030517578,530.1085334795151,204.9468266736469,223.5,345.260009765625,184.46959107996432
2025-08-13,235.0,531.825750889051,205.24654455972473,224.9199981689453,348.9800109863281,183.95962838065756
2025-08-14,235.1199951171875,525.0868343553949,205.2365625759638,233.11000061035156,340.4700012207031,183.0096786896392
2025-08-15,234.27999877929688,525.2365445998882,207.14485738883576,234.0800018310547,339.29998779296875,181.88973450248375
2025-08-18,233.1199951171875,521.9619254356152,205.95591322393057,231.91000366210938,336.2699890136719,182.92968080449612
2025-08-19,232.8699951171875,514.314487646487,204.10756930819693,230.52999877929688,340.54998779296875,182.4897102645763
2025-08-20,230.47000122070312,510.161347905157,201.9894580373513,227.27000427246094,331.3699951171875,175.99007848098316
2025-08-21,226.52000427246094,507.6300048828125,203.17840034597594,222.77999877929688,324.8999938964844,176.89001313294924
2025-08-22,229.08999633789062,510.7300109863281,209.0431534739571,229.13999938964844,340.25,178.57992220965232
2025-08-25,229.3000030517578,508.19000244140625,210.90148999026277,229.60000610351562,349.5299987792969,181.89975349617023
2025-08-26,229.49000549316406,504.9800109863281,208.2738518119723,229.0,351.8999938964844,182.379710508586
2025-08-27,230.89999389648438,507.2900085449219,209.3828645197921,229.8699951171875,355.3900146484375,182.47971666734583
2025-08-28,233.41000366210938,511.0899963378906,212.70986910562976,232.7100067138672,353.54998779296875,184.45959632874283
2025-08-29,233.3800048828125,509.6000061035156,215.14769086553312,231.80999755859375,348.75,178.13994326196564
2025-09-02,230.85000610351562,506.0,212.17936432543956,226.1699981689453,333.3299865722656,172.37028638119727
2025-09-03,238.85000610351562,507.7900085449219,231.59300282388122,227.1699981689453,343.3299865722656,172.40028977270214
2025-09-04,239.89999389648438,508.1499938964844,232.56214237085004,235.77000427246094,338.8900146484375,171.85031526705663
2025-09-05,241.32000732421875,511.9700012207031,235.9191408833356,236.0,355.8699951171875,169.02047080600087
2025-09-08,240.14999389648438,501.20001220703125,238.39999389648438,237.60000610351562,358.44000244140625,170.95036631358883
2025-09-09,238.77999877929688,502.25,240.58999633789062,238.85000610351562,350.7699890136719,170.97035502688004
2025-09-10,232.4199981689453,503.2300109863281,242.0800018310547,237.67999267578125,356.3299865722656,179.2798883121013
2025-09-11,230.4499969482422,503.1700134277344,242.57000732421875,231.52999877929688,368.989990234375,180.27999877929688
2025-09-12,234.50999450683594,512.5499877929688,242.42300415039062,230.7899932861328,396.69000244140625,178.60000610351562
2025-09-15,238.19000244140625,515.469970703125,252.75,233.72999572753906,425.70001220703125,178.85000610351562
2025-09-16,241.22000122070312,517.22998046875,253.22999572753906,235.89999389648438,423.25,177.5
2025-09-17,240.10000610351562,511.2900085449219,251.9499969482422,234.3000030517578,428.30999755859375,173.1999969482422
2025-09-18,241.1999969482422,513.0700073242188,254.13999938964844,233.47999572753906,432.2200012207031,177.10000610351562
2025-09-19,246.3000030517578,519.2999877929688,256.70001220703125,234.16000366210938,429.4700012207031,178.0800018310547
2025-09-22,256.6400146484375,517.739990234375,256.30999755859375,230.57000732421875,444.9800109863281,184.5500030517578
2025-09-23,257.3399963378906,514.5900268554688,254.77000427246094,227.86000061035156,440.9700012207031,182.4199981689453
2025-09-24,255.74000549316406,512.47998046875,252.9600067138672,224.55999755859375,444.2099914550781,179.77999877929688
2025-09-25,257.1700134277344,510.010009765625,247.31500244140625,220.6699981689453,435.3500061035156,180.25999450683594
2025-09-26,257.6000061035156,513.9400024414062,250.1199951171875,221.0500030517578,440.4700012207031,179.77000427246094
2025-09-29,255.0,516.8499755859375,251.6479949951172,222.60000610351562,450.9800109863281,184.0
2025-09-30,255.9199981689453,518.1599731445312,243.6750030517578,222.24000549316406,445.0,187.35000610351562
2025-10-01,258.7900085449219,520.510009765625,247.14999389648438,222.14999389648438,462.2900085449219,188.13999938964844
2025-10-02,258.17999267578125,521.5999755859375,247.63499450683594,222.80999755859375,470.75,191.0500030517578
2025-10-03,259.239990234375,520.489990234375,247.1179962158203,224.1999969482422,446.7699890136719,190.36000061035156
